epoch,dice_coef,loss,lr,val_dice_coef,val_loss
0,0.20108377933502197,0.7989161610603333,1e-04,0.04045246168971062,0.9595475196838379
